classe,cod_dekoreba,palavra_latino
artigos,1,essa
artigos,2,essa
artigos,3,gli
artigos,4,gli
artigos,5,1
artigos,6,un
artigos,7,qualcuno
artigos,8,un
pronomes,9,io
pronomes,10,Lei
pronomes,11,essa
pronomes,12,essa
pronomes,13,noi
pronomes,14,Loro
pronomes,15,essi
pronomes,16,essi
pronomes,17,i miei
pronomes,18,mio
pronomes,19,mie
pronomes,20,mie
pronomes,21,sua
pronomes,22,suo
pronomes,23,i loro
pronomes,25,i nostri
pronomes,26,i nostri
pronomes,27,i nostri
pronomes,28,i nostri
pronomes,29,quella
pronomes,30,quella
pronomes,31,essa
pronomes,32,quella
pronomes,33,quella
pronomes,34,quella
pronomes,35,qualcuno
pronomes,36,nessuna
pronomes,37,altro
pronomes,38,superinfezione
pronomes,39,certa
pronomes,41,molto
pronomes,43,qualsiasi
pronomes,44,cosi
pronomes,45,tutto
pronomes,46,niente
pronomes,47,qualcosa
pronomes,48,ogni
pronomes,49,chi
pronomes,50,troppo
conjuncoes,51,fino a
conjuncoes,52,con
conjuncoes,53,contro
conjuncoes,54,da
conjuncoes,55,da
conjuncoes,56,in
conjuncoes,57,sotto
conjuncoes,58,per
conjuncoes,59,prima di
conjuncoes,60,stato negativo
conjuncoes,61,senza
conjuncoes,62,sotto
conjuncoes,63,sopra
conjuncoes,64,indietro
conjuncoes,65,laddove
preposicoes,66,e ed
preposicoes,67,nemmeno
preposicoes,68,ma
preposicoes,69,ma
preposicoes,70,nondimeno
preposicoes,71,anche
preposicoes,72,nonostante
preposicoes,73,o
preposicoes,74,dal momento che
preposicoes,75,perché
preposicoes,76,bene
preposicoes,77,perché
preposicoes,78,siccome
preposicoes,79,come
preposicoes,80,ma
preposicoes,81,benché
preposicoes,82,benché
preposicoes,83,si
preposicoes,84,caso
preposicoes,85,da quando
preposicoes,86,purché
preposicoes,87,a meno che
preposicoes,88,quando
preposicoes,89,ogni volta che
preposicoes,90,mentre
preposicoes,91,quando
preposicoes,93,avanti che
preposicoes,96,dove
preposicoes,97,dove
preposicoes,98,conforme
preposicoes,99,seconda
preposicoes,101,anche se
preposicoes,102,comunque
preposicoes,104,a
preposicoes,105,dunque
preposicoes,106,allora
preposicoes,107,cosÌ
preposicoes,108,cosÌ
substantivos,109,avocado
substantivos,110,ape
substantivos,111,zucchero
substantivos,112,amministrazione
substantivos,113,acqua
substantivos,114,gioia
substantivos,115,insalata
substantivos,116,alimentazione
substantivos,117,amicizia
substantivos,118,amore
substantivos,119,angelo
substantivos,120,anello
substantivos,121,tapiro
substantivos,122,appartamento
substantivos,123,attrezzatura
substantivos,124,premere
substantivos,125,sostegno
substantivos,126,pensionamento
substantivos,127,apprendistato
substantivos,128,aria
substantivos,129,ragno
substantivos,130,arcobaleno
substantivos,131,arte
substantivos,132,ala
substantivos,133,assistenza
substantivos,134,attenzione
substantivos,135,attività
substantivos,136,atmosfera
substantivos,137,istigare
substantivos,138,autorità
substantivos,139,accertamento
substantivos,140,corso
substantivos,141,aeroplano
substantivos,142,avviso
substantivos,143,caso
substantivos,144,azione
substantivos,145,macelleria
substantivos,146,aquila
substantivos,147,allarme
substantivos,148,asilo
substantivos,149,dogana
substantivos,150,lavanda vera
substantivos,151,spillo
substantivos,152,manette
substantivos,153,cotone
substantivos,154,anima
substantivos,156,modificare
substantivos,157,altezza
substantivos,158,alluminio
substantivos,159,amante
substantivos,160,dolore
substantivos,162,ambizione
substantivos,163,ambiente
substantivos,164,ambulanza
substantivos,165,arachide
substantivos,167,amici
substantivos,168,analisi
substantivos,169,anatomia
substantivos,171,compleanno
substantivos,172,anno
substantivos,173,anzianità
substantivos,174,annuncio
substantivos,175,appetito
substantivos,176,applicazione
substantivos,177,apogeo
substantivos,178,libro di testo
substantivos,179,apprendista
substantivos,180,architettura
substantivos,181,archivio
substantivos,182,arma
substantivos,183,magazzino
substantivos,185,chiocciola
substantivos,186,riso
substantivos,187,rondella
substantivos,188,artefatto
substantivos,189,artigianato
substantivos,190,arte
substantivos,192,parlamento
substantivos,193,insediamento
substantivos,194,promuovere
substantivos,195,associazione
substantivos,196,affare
substantivos,197,stella
substantivos,200,atleta
substantivos,201,attrice
substantivos,202,azione
substantivos,203,lezione
substantivos,204,auto
substantivos,205,autonomia
substantivos,206,autore
substantivos,207,baby-sitter
substantivos,208,ruche
substantivos,209,bacino
substantivos,210,bacillo
substantivos,211,bagaglio
substantivos,212,ballo
substantivos,213,pallottola
substantivos,214,palloncino
substantivos,215,secchia
substantivos,216,banca
substantivos,217,bandiera
substantivos,218,bagno
substantivos,219,bagno
substantivos,220,blatta
substantivos,221,barca
substantivos,222,argilla
substantivos,223,tenda
substantivos,224,pancia
substantivos,225,chiasso
substantivos,226,barra
substantivos,227,patata
substantivos,228,batteria
substantivos,229,bebè
substantivos,230,bacio
substantivos,231,bellezza
substantivos,232,bastone da passeggio
substantivos,233,bibbia
substantivos,234,baffi
substantivos,235,biglietto
substantivos,236,pallone
substantivos,237,biscotto
substantivos,238,sacchetto
substantivos,239,bottone
substantivos,240,capra
substantivos,241,cactus
substantivos,242,cane
substantivos,243,serratura
substantivos,244,caffettiera
substantivos,245,caffè
substantivos,246,cassetta
substantivos,247,pastorale
substantivos,248,brache
substantivos,249,letto
substantivos,250,strada
substantivos,251,camicia
substantivos,252,campo
substantivos,253,conchiglia
substantivos,254,condotto
substantivos,255,Hydrochoerus hydrochaeris
substantivos,256,auto
substantivos,257,carne
substantivos,258,affisso
substantivos,259,mantello
substantivos,260,matrimonio
substantivos,261,castello
substantivos,262,corteccia
substantivos,263,ruota dentata
substantivos,264,cavalla
substantivos,265,cipolla
substantivos,266,cella
substantivos,267,granaio
substantivos,268,cellulare
substantivos,269,carota
substantivos,270,ceramica
substantivos,271,cervello
substantivos,272,birra
substantivos,273,scettro
substantivos,274,bollitore
substantivos,275,cappello
substantivos,276,attrattiva
substantivos,277,odore
substantivos,278,frusta
substantivos,279,pantofola
substantivos,281,pioggia
substantivos,282,doccia
substantivos,283,barbecue
substantivos,284,cerchio
substantivos,285,cifra
substantivos,286,cicala
substantivos,287,cicatrice
substantivos,288,cemento
substantivos,289,cinema
substantivos,290,città
substantivos,291,cintola
substantivos,292,grigio
substantivos,293,civile
substantivos,294,chiarezza
substantivos,295,clima
substantivos,296,client
substantivos,297,gancetto
substantivos,298,cloni
substantivos,299,circolo
substantivos,300,coperta
substantivos,301,coniglio
substantivos,302,cosa
substantivos,303,cucchiaio
substantivos,304,colonna
substantivos,305,comando
substantivos,306,alimento
substantivos,307,computer
substantivos,308,conchiglia
substantivos,309,coriandoli
substantivos,310,conoscenza
substantivos,311,contratto
substantivos,312,controllo
substantivos,313,spago
substantivos,314,corpo
substantivos,315,civetta
substantivos,316,cucito
substantivos,317,cuoio
substantivos,318,bambina
substantivos,319,cristallo
substantivos,320,croce
substantivos,321,dado
substantivos,322,albicocca
substantivos,323,ballo
substantivos,324,dardo
substantivos,325,regina
substantivos,326,dibattito
substantivos,327,dito
substantivos,328,errore
substantivos,329,gradino
substantivos,330,Dio
substantivos,331,piacere
substantivos,332,richiesta
substantivos,333,demonio
substantivos,334,dentista
substantivos,335,tino-botte
substantivos,336,versamento
substantivos,337,disegno
substantivos,338,deserto
substantivos,339,schifo
substantivos,340,parata
substantivos,341,dettaglio
substantivos,342,corona
substantivos,343,dialogo
substantivos,344,diamante
substantivos,345,donna di servizio
substantivos,346,giornaliero
substantivos,347,dieta
substantivos,348,differenza
substantivos,349,difficoltà
substantivos,350,contanti
substantivos,351,dinosauro
substantivos,352,direzione
substantivos,353,regista
substantivos,354,camuffamento
substantivos,355,sfera
substantivos,356,primadonna
substantivos,357,diversione
substantivos,358,divorzio
substantivos,359,donazione
substantivos,360,dolce
substantivos,361,malattia
substantivos,362,atto
substantivos,363,dote
substantivos,364,domenica
substantivos,365,donazione
substantivos,366,camera
substantivos,367,dose
substantivos,368,drago
substantivos,369,animazione teatrale
substantivos,370,cazzo
substantivos,371,doccia
substantivos,372,doppiaggio
substantivos,374,duello
substantivos,375,dune
substantivos,376,coppia
substantivos,377,duca
substantivos,378,compattezza
substantivos,379,scrupolo
substantivos,380,eco
substantivos,381,edificio
substantivos,382,piumino
substantivos,383,impressione
substantivos,385,cavallo
substantivos,386,aia
substantivos,387,asse
substantivos,388,compagnia
substantivos,389,elefante
substantivos,390,ascensore
substantivos,391,élite
substantivos,392,lode
substantivos,393,contenitori
substantivos,394,ambasciatore
substantivos,396,addizione
substantivos,397,emissione
substantivos,398,emozione
substantivos,399,pasticcio
substantivos,400,pareggio
substantivos,401,divisione
substantivos,402,richiesta di prestito
substantivos,403,attrattiva
substantivos,404,alluvione
substantivos,405,ordinazione
substantivos,406,indirizzo
substantivos,407,energia
substantivos,408,infermiere
substantivos,409,errore
substantivos,410,ingegnere
substantivos,411,andamento
substantivos,412,nausea
substantivos,413,binding
substantivos,414,intreccio
substantivos,415,saggio
substantivos,416,inzuppato
substantivos,418,figliastro
substantivos,419,funerale
substantivos,420,entità
substantivos,421,imboccatùra
substantivos,422,cianfrusaglia
substantivos,423,busta
substantivos,424,enzima
substantivos,425,contagio
substantivos,426,attacco
substantivos,427,epitaffio
substantivos,428,epoca
substantivos,429,eremita
substantivos,430,errore
substantivos,431,erba
substantivos,432,progetto
substantivos,433,scala
substantivos,434,squama
substantivos,435,deficit
substantivos,436,scuola
substantivos,437,scorpiones
substantivos,438,conchiglia
substantivos,439,sfinge
substantivos,440,sforzo
substantivos,441,acque di scolo
substantivos,442,spada
substantivos,444,speranza
substantivos,445,spiedo
substantivos,446,spia
substantivos,447,spugna
substantivos,448,scheletro
substantivos,449,angolo
substantivos,450,illustrazione
substantivos,451,scaffale
substantivos,452,stella
substantivos,453,letame
substantivos,454,passo
substantivos,455,esame
substantivos,456,esempio
substantivos,457,coltello
substantivos,458,fata
substantivos,459,scintilla
substantivos,460,errore
substantivos,461,balla
substantivos,462,faro
substantivos,463,taglio
substantivos,464,fauna
substantivos,465,febbre
substantivos,466,fiera
substantivos,467,realizzazione f
substantivos,468,felicità
substantivos,469,ferro
substantivos,470,festa
substantivos,471,fico
substantivos,472,coda
substantivos,473,pellicola
substantivos,474,spago
substantivos,475,ditta
substantivos,476,abbottonatura
substantivos,477,fiore
substantivos,478,foca
substantivos,479,fuoco
substantivos,480,imbuto
substantivos,481,conigliere
substantivos,482,gallo
substantivos,483,forchetta
substantivos,484,gas
substantivos,485,cassetto
substantivos,486,gola
substantivos,487,caloscia
substantivos,488,fisarmonica
substantivos,489,corridoio
substantivos,490,mascherina
substantivos,491,animali aziendali
substantivos,492,armadio
substantivos,493,rosso d’uovo
substantivos,494,genero
substantivos,495,generatore
substantivos,496,gesto
substantivos,497,gelatina
substantivos,498,genetica
substantivos,499,gente
substantivos,500,giaccio
substantivos,501,giraffa
substantivos,502,palestra
substantivos,503,argot
substantivos,504,gessetto
substantivos,505,centellino
substantivos,506,delfino
substantivos,507,goma
substantivos,508,gorilla
substantivos,509,goccia
substantivos,510,griglia
substantivos,511,erba
substantivos,512,cimice
substantivos,513,cravatta
substantivos,514,sciopero
substantivos,515,grillo
substantivos,516,ghirlanda
substantivos,517,gruppo
substantivos,518,guardia
substantivos,519,branchie
substantivos,520,ghetto
substantivos,521,camion di rimorchio
substantivos,522,guida turistica
substantivos,523,chitarra
substantivos,524,barra
substantivos,525,elica
substantivos,526,ibisco
substantivos,527,idrante
substantivos,528,iena
substantivos,529,hobby
substantivos,530,uomo
substantivos,531,orizzonte
substantivos,532,età
substantivos,533,idolo
substantivos,534,idea
substantivos,535,lingua
substantivos,537,chiesa
substantivos,538,accensione
substantivos,539,iguana
substantivos,540,isola
substantivos,541,immagine
substantivos,542,imam
substantivos,543,stampante
substantivos,544,rincorsa
substantivos,545,incendio
substantivos,546,rigonfiamento
substantivos,547,indiana
substantivos,548,indice
substantivos,549,industria
substantivos,550,infanzia
substantivos,551,bacarozzo
substantivos,552,insonnia
substantivos,553,istinto
substantivos,554,arnese
substantivos,555,intenzione
substantivos,556,interno
substantivos,557,voce
substantivos,558,inverno
substantivos,559,invidia
substantivos,560,invocazione
substantivos,561,yogurt
substantivos,562,ione
substantivos,563,ironia
substantivos,564,esca
substantivos,566,tartaruga
substantivos,567,alligatore
substantivos,568,giada
substantivos,569,giardino
substantivos,570,brocca
substantivos,571,conigliere
substantivos,572,gelsomino
substantivos,573,genere
substantivos,574,asino
substantivos,575,boa
substantivos,577,coccinella
substantivos,578,ginocchio
substantivos,579,gemma
substantivos,580,gioco
substantivos,581,giornale
substantivos,582,getto
substantivos,583,arbitro
substantivos,584,saggezza
substantivos,585,giudizio
substantivos,588,giuramento
substantivos,589,giustizia
substantivos,590,labirinto
substantivos,592,collina
substantivos,593,lago
substantivos,594,lama
substantivos,595,spuntino
substantivos,596,lustrino
substantivos,597,lapsus
substantivos,598,arancia
substantivos,599,lattina
substantivos,600,abbaiamento
substantivos,601,Lavandula
substantivos,602,leone
substantivos,603,lepre
substantivos,604,legacy
substantivos,605,latte
substantivos,606,lettura
substantivos,607,promemoria
substantivos,608,lenzuolo
substantivos,609,legno
substantivos,610,ventagli
substantivos,611,lumaca
substantivos,612,lettera
substantivos,613,levante
substantivos,614,libertà
substantivos,615,libbre
substantivos,616,aspettativa
substantivos,617,duce
substantivos,618,lima
substantivos,619,soglia
substantivos,620,limonata
substantivos,621,bella
substantivos,622,accento
substantivos,623,saldo
substantivos,624,lista
substantivos,625,libro
substantivos,626,lupo
substantivos,627,piazza
substantivos,628,logica
substantivos,629,tela
substantivos,631,lavagna
substantivos,632,pazzia
substantivos,633,lutto
substantivos,634,ricchezza
substantivos,635,luce
substantivos,636,labbro
substantivos,637,campionato
substantivos,638,maschile
substantivos,639,ferita
substantivos,640,magia
substantivos,641,valigia
substantivos,642,genitore
substantivos,643,albero dei meloni
substantivos,644,mammifero
substantivos,645,macchia
substantivos,646,mandato
substantivos,647,manica
substantivos,648,manovella
substantivos,649,carta
substantivos,650,mare
substantivos,651,marea
substantivos,652,argine
substantivos,653,marito
substantivos,654,pasta
substantivos,655,bosco
substantivos,656,soggetto
substantivos,657,paura
substantivos,658,calza
substantivos,659,amichevole
substantivos,660,miele
substantivos,661,anguria
substantivos,662,melodia
substantivos,663,bugia
substantivos,664,mercato
substantivos,665,tavola
substantivos,666,metallo
substantivos,667,bolide
substantivos,668,metodo
substantivos,669,metro
substantivos,670,mandarino
substantivos,671,meraviglia
substantivos,672,mais
substantivos,673,miniera
substantivos,674,minerale
substantivos,675,minuto
substantivos,676,mollica
substantivos,677,belvedere
substantivos,678,funzione
substantivos,679,enigma
substantivos,680,impiego
substantivos,681,bambino
substantivos,682,modello
substantivos,683,mascherina
substantivos,684,salsa
substantivos,685,attimo
substantivos,686,monaco
substantivos,687,monte
substantivos,688,monumento
substantivos,689,bambina
substantivos,690,abitazioni
substantivos,691,morso
substantivos,692,pipistrello
substantivos,693,maggiordomo
substantivos,694,drappo funebre
substantivos,695,mosca
substantivos,696,motel
substantivos,697,motociclo
substantivos,698,movimento
substantivos,699,donna
substantivos,700,mondo
substantivos,701,natica
substantivos,702,narciso
substantivos,703,naso
substantivos,704,natale
substantivos,705,vascello
substantivos,706,nettare
substantivos,707,nebbia
substantivos,708,affare
substantivos,709,grassetto
substantivos,710,nervo
substantivos,711,nipote
substantivos,712,neve
substantivos,713,livella
substantivos,714,alcova
substantivos,715,ninja
substantivos,716,nido
substantivos,717,nichel
substantivos,718,serata
substantivos,719,nome
substantivos,720,nono
substantivos,721,fidanzamento
substantivos,722,voto
substantivos,723,notizie
substantivos,724,nuvola
substantivos,725,nucleo
substantivos,726,modestia
substantivos,727,oggetto
substantivos,728,morte
substantivos,729,lavoro
substantivos,730,dovere
substantivos,731,barra
substantivos,732,occasione
substantivos,733,oceano
substantivos,734,caso
substantivos,735,categorie professionali
substantivos,736,odio
substantivos,737,offerta
substantivos,738,workshop
substantivos,739,olio
substantivos,740,occhiata
substantivos,742,occhio
substantivos,744,spalla
substantivos,745,autobus
substantivos,746,opala
substantivos,747,operazione
substantivos,748,concetto
substantivos,749,opportunità
substantivos,750,preghiera
substantivos,751,oratore
substantivos,752,globo
substantivos,753,ordine
substantivos,754,orecchio
substantivos,755,orfano
substantivos,756,orgoglio
substantivos,757,counselling
substantivos,758,imboccatùra
substantivos,759,origine
substantivos,760,ornamento
substantivos,762,orchestra
substantivos,763,rugiada
substantivos,764,CO2
substantivos,765,osso
substantivos,766,pompa
substantivos,767,ottica
substantivos,768,ottimismo
substantivos,769,autunno
substantivos,770,orecchio
substantivos,771,uova di pesci
substantivos,772,pecora
substantivos,773,ovulo
substantivos,774,ossigeno
substantivos,775,ozono
substantivos,776,opera
substantivos,777,orbita
substantivos,778,organo
substantivos,780,onice
substantivos,781,patto
substantivos,782,panettiera
substantivos,783,pagina
substantivos,784,genitore
substantivos,785,paese
substantivos,786,parola
substantivos,787,paglia
substantivos,788,stecchino
substantivos,789,stoffa
substantivos,790,casseruola
substantivos,791,carta
substantivos,792,pappagallo
substantivos,793,paradosso
substantivos,794,appezzamenti a orto
substantivos,795,muro
substantivos,796,parchi
substantivos,797,parte
substantivos,798,passo
substantivos,799,cartella
substantivos,800,chiaro
substantivos,801,anatra
substantivos,803,pace
substantivos,804,piede
substantivos,805,blocco
substantivos,806,pesce
substantivos,807,film
substantivos,808,pena
substantivos,809,cresta
substantivos,810,pepita
substantivos,811,pericolo
substantivos,812,coscia
substantivos,813,persona
substantivos,814,benzina
substantivos,815,pianoforte
substantivos,816,puntura
substantivos,817,punta
substantivos,818,peccato
substantivos,819,pigiama
substantivos,820,folla
substantivos,821,pepe
substantivos,822,pennello
substantivos,823,goccia
substantivos,824,popcorn
substantivos,825,piramide
substantivos,826,piattino
substantivos,827,piscina
substantivos,828,binario
substantivos,829,Eugenia uniflora
substantivos,830,asse
substantivos,831,planeta
substantivos,832,piano
substantivos,833,plastica
substantivos,834,gomma
substantivos,835,povertà
substantivos,836,porcilaie
substantivos,837,potere
substantivos,838,poema
substantivos,839,punto
substantivos,840,populazione
substantivos,841,maiale
substantivos,842,poca
substantivos,843,porta
substantivos,844,posizione
substantivos,845,barra
substantivos,846,barattolo
substantivos,847,potenza
substantivos,848,piazza
substantivos,849,spiaggia
substantivos,850,asse
substantivos,851,piatto
substantivos,852,gioia
substantivos,853,prezzo
substantivos,854,cava di pietra
substantivos,855,fretta
substantivos,856,cugina
substantivos,857,cugina
substantivos,858,prigione
substantivos,859,problema
substantivos,860,prodotto
substantivos,861,profeta
substantivos,862,prova
substantivos,863,cascata
substantivos,864,pugno
substantivos,865,impurità
substantivos,866,lista
substantivos,867,quadrato
substantivos,868,quarantena
substantivos,869,fallimento
substantivos,870,caduta
substantivos,871,cacio
substantivos,872,chilometro
substantivos,873,chiosco multimediale
substantivos,874,ravanello
substantivos,875,coda
substantivos,876,razione
substantivos,877,radio
substantivos,878,fulmine
substantivos,879,grattacacio
substantivos,880,branca
substantivos,881,fattoria
substantivos,882,volpe
substantivos,883,traccia
substantivos,884,ratto
substantivos,885,saggezza
substantivos,886,gemme di controcchio
substantivos,887,commissione
substantivos,888,ricetta
substantivos,889,annuncio
substantivos,890,risorsa
substantivos,891,rete
substantivos,892,ostaggio
substantivos,893,restauro
substantivos,894,regione
substantivos,895,re
substantivos,896,reame
substantivos,897,ripudio
substantivos,898,orologio
substantivos,899,remo
substantivos,900,medicina
substantivos,901,beneficio
substantivos,902,cavolo
substantivos,903,argine
substantivos,904,riscatto
substantivos,905,residui
substantivos,906,risposta
substantivos,907,avanzo
substantivos,908,retina
substantivos,909,ritratto
substantivos,910,rivista
substantivos,911,preghiera
substantivos,912,costa
substantivos,913,riffa
substantivos,914,rima
substantivos,915,fiume
substantivos,916,ricchezza
substantivos,917,risata
substantivos,918,linea
substantivos,919,ritmo
substantivos,920,ruota
substantivos,921,roditore
substantivos,922,tappo
substantivos,923,rosa
substantivos,924,sapone
substantivos,925,aroma
substantivos,926,tasca
substantivos,927,sacrificio
substantivos,928,uscita
substantivos,929,camera
substantivos,930,insalata
substantivos,931,salario
substantivos,932,salto
substantivos,933,samba
substantivos,934,sanzione
substantivos,935,sangue
substantivos,936,scarpa
substantivos,937,morbillo
substantivos,938,brama
substantivos,939,recinti naturali
substantivos,940,sete
substantivos,941,segreto
substantivos,942,setta
substantivos,943,resina
substantivos,944,giungla
substantivos,945,seme
substantivos,946,passcode
substantivos,947,signore
substantivos,948,acquisitori
substantivos,949,condanna
substantivos,950,biscia
substantivos,951,divisione
substantivos,952,sessione
substantivos,953,freccia
substantivos,954,sua
substantivos,955,sesta
substantivos,956,segreto
substantivos,957,segno
substantivos,958,silenzio
substantivos,959,siluetta
substantivos,960,silos
substantivos,962,cinese
substantivos,963,fenomeno
substantivos,964,sistema
substantivos,965,situazione
substantivos,966,granaio
substantivos,967,ritaglio
substantivos,968,società
substantivos,969,soia
substantivos,970,sole
substantivos,971,solitudine
substantivos,972,ombra
substantivos,973,suono
substantivos,974,sogno
substantivos,975,zuppa
substantivos,976,gelato
substantivos,977,riposo
substantivos,978,accento
substantivos,979,ascella
substantivos,980,delicata
substantivos,981,succo
substantivos,982,lerciume
substantivos,983,sud
substantivos,985,sordità
substantivos,986,alito
substantivos,987,lista
substantivos,988,stecca
substantivos,989,tatuaggio
substantivos,990,dazio
substantivos,991,compito
substantivos,992,prezzo
substantivos,993,distintivo
substantivos,995,stoffa
substantivos,996,struttura
substantivos,997,telefono
substantivos,998,tema
substantivos,999,paura
substantivos,1000,tempo
substantivos,1001,tennis
substantivos,1002,tensione
substantivos,1003,teorema
substantivos,1004,parola
substantivos,1005,vestito
substantivos,1006,terreno
substantivos,1007,forbici
substantivos,1008,esame
substantivos,1009,soffitto
substantivos,1010,tessitura
substantivos,1011,diadema
substantivos,1012,tigre
substantivos,1013,timidezza
substantivos,1014,colore
substantivos,1015,fare
substantivos,1016,tiranno
substantivos,1017,titolo
substantivos,1018,asciugamano
substantivos,1020,fiaccola
substantivos,1021,inquadratura
substantivos,1022,vertigine
substantivos,1023,topazio
substantivos,1024,contatto
substantivos,1025,rubinetto
substantivos,1026,maschio
substantivos,1027,conviene
substantivos,1028,tromba
substantivos,1029,onnipresenza
substantivos,1030,mammella
substantivos,1033,ufologia
substantivos,1035,oltraggio
substantivos,1036,levatura
substantivos,1037,ombelico
substantivos,1039,unanimità
substantivos,1041,crema
substantivos,1042,unghia
substantivos,1043,unione
substantivos,1044,unicorno
substantivos,1045,universo
substantivos,1046,università
substantivos,1047,uranio
substantivos,1048,tenesmo vescicale
substantivos,1049,urna
substantivos,1050,orso
substantivos,1051,ortica
substantivos,1052,impianto
substantivos,1053,mucca
substantivos,1054,vaccinazione antivaiolosa
substantivos,1056,vagone
substantivos,1057,valle
substantivos,1058,bagaglio
substantivos,1059,valore
substantivos,1061,Chiroptera
substantivos,1062,autofurgone
substantivos,1063,vapore
substantivos,1064,bastone
substantivos,1065,balconata
substantivos,1067,recipiente
substantivos,1068,recipiente
substantivos,1069,granata
substantivos,1070,fuga
substantivos,1071,vena
substantivos,1072,automobile
substantivos,1073,vecchia
substantivos,1074,terza età
substantivos,1075,vela
substantivos,1076,celerità
substantivos,1077,vento
substantivos,1078,parola
substantivos,1079,verità
substantivos,1080,abito
substantivos,1081,volta
substantivos,1082,vibrazioni
substantivos,1083,vetro
substantivos,1084,arzillo
substantivos,1085,tazza
substantivos,1086,scacchi
substantivos,1088,retroguardia
substantivos,1089,arrabbiato
substantivos,1090,zebra
substantivos,1091,custode
substantivos,1092,chiusura lampo
substantivos,1093,zona
adjetivos,1095,beata
adjetivos,1096,accurato
adjetivos,1097,ammirabile
adjetivos,1098,amichevole
adjetivos,1099,febbrile
adjetivos,1100,arancione
adjetivos,1101,cuore
adjetivos,1102,anonimo
adjetivos,1103,apatico
adjetivos,1104,arrogante
adjetivos,1105,ascendente
adjetivos,1106,attento
adjetivos,1107,audace
adjetivos,1108,avanzato
adjetivos,1109,povero
adjetivos,1110,sù
adjetivos,1111,rapido
adjetivos,1112,rugoso
adjetivos,1113,aurea
adjetivos,1114,azzurra
adjetivos,1115,angoscioso
adjetivos,1116,aderente
adjetivos,1117,esatto
adjetivos,1118,crudo
adjetivos,1119,alato
adjetivos,1120,mobile
adjetivos,1121,operoso
adjetivos,1123,apprezzato
adjetivos,1126,artìstico
adjetivos,1127,attivo
adjetivos,1128,autentico
adjetivos,1130,acido
adjetivos,1131,algido
adjetivos,1132,avido
adjetivos,1133,aperto
adjetivos,1134,assoluto
adjetivos,1135,accusata
adjetivos,1136,addormentato
adjetivos,1137,affluenti
adjetivos,1139,altrui
adjetivos,1140,amara
adjetivos,1141,ansioso
adjetivos,1142,affrettato
adjetivos,1143,brusco
adjetivos,1144,bassa
adjetivos,1145,bello
adjetivos,1146,curioso
adjetivos,1147,pècoro
adjetivos,1148,bello
adjetivos,1149,ardito
adjetivos,1150,brillante
adjetivos,1151,bronzeo
adjetivos,1152,lordo
adjetivos,1153,arcadico
adjetivos,1156,bosso
adjetivos,1157,bizantino
adjetivos,1158,biblico
adjetivos,1159,economica
adjetivos,1160,calmo
adjetivos,1161,chiaro chiara
adjetivos,1162,cieco
adjetivos,1163,pieno
adjetivos,1164,piano
adjetivos,1165,alcalinizzare
adjetivos,1166,cinico
adjetivos,1167,classico
adjetivos,1168,coerente
adjetivos,1169,faraonico
adjetivos,1170,comune
adjetivos,1171,concreto
adjetivos,1172,che lascia perplesso
adjetivos,1173,gelato
adjetivos,1174,conosciuto
adjetivos,1175,fermo
adjetivos,1176,allegra
adjetivos,1177,contrario
adjetivos,1178,bravo
adjetivos,1179,acre
adjetivos,1180,apolide
adjetivos,1181,recensore
adjetivos,1182,crudele
adjetivos,1183,cura
adjetivos,1184,curiosi
adjetivos,1187,dubitativo
adjetivos,1189,caustico
adjetivos,1192,piovoso
adjetivos,1193,cerchiare
adjetivos,1194,cobalto
adjetivos,1195,cosmico
adjetivos,1196,conico
adjetivos,1197,prudente
adjetivos,1198,curricolare
adjetivos,1200,denso
adjetivos,1201,dorato
adjetivos,1202,dolce
adjetivos,1203,destro
adjetivos,1204,divino
adjetivos,1205,doloroso
adjetivos,1206,attivo
adjetivos,1208,continuo
adjetivos,1209,dinamica
adjetivos,1210,separato
adjetivos,1211,lontano
adjetivos,1212,comico
adjetivos,1214,nazionale
adjetivos,1215,dominante
adjetivos,1216,dormiglione
adjetivos,1217,talentato
adjetivos,1220,impacciato
adjetivos,1221,disperato
adjetivos,1222,singole
adjetivos,1224,doppia
adjetivos,1225,dura
adjetivos,1226,delicato
adjetivos,1227,sfidante
adjetivos,1228,alto
adjetivos,1229,enorme
adjetivos,1230,oscuro
adjetivos,1231,curioso
adjetivos,1232,etico
adjetivos,1233,affaticato
adjetivos,1234,esotico
adjetivos,1235,elegante
adjetivos,1236,elastico
adjetivos,1237,attivo
adjetivos,1238,energico
adjetivos,1239,errato
adjetivos,1240,magro
adjetivos,1241,scarso
adjetivos,1242,scivoloso
adjetivos,1243,laborioso
adjetivos,1244,specifico
adjetivos,1245,furbo
adjetivos,1246,spessa
adjetivos,1247,statico
adjetivos,1248,infertile
adjetivos,1249,continuo
adjetivos,1251,esatto
adjetivos,1252,eccessivo
adjetivos,1253,esclusivo
adjetivos,1254,esemplare
adjetivos,1255,espansive
adjetivos,1256,esperto
adjetivos,1257,esplicito
adjetivos,1258,facondo
adjetivos,1259,abbondante
adjetivos,1260,fuori
adjetivos,1261,straordinaria
adjetivos,1263,esultante
adjetivos,1265,equa
adjetivos,1266,facile
adjetivos,1267,fredda
adjetivos,1268,acre
adjetivos,1269,forte
adjetivos,1270,debole
adjetivos,1271,allegra
adjetivos,1272,brutto
adjetivos,1273,fertile
adjetivos,1274,destro
adjetivos,1275,floscia
adjetivos,1276,fiorita
adjetivos,1277,salace
adjetivos,1278,bello
adjetivos,1279,grande
adjetivos,1280,spessa
adjetivos,1281,affascinante
adjetivos,1282,autentico
adjetivos,1283,orco
adjetivos,1284,celebre
adjetivos,1285,delizioso
adjetivos,1286,re
adjetivos,1288,grato
adjetivos,1289,adulto
adjetivos,1290,greco
adjetivos,1291,di campagna
adjetivos,1294,bambino
adjetivos,1296,gallico
adjetivos,1297,genetico
adjetivos,1298,generale
adjetivos,1299,gelato
adjetivos,1300,abile
adjetivos,1301,armonico
adjetivos,1302,nemico
adjetivos,1303,umile
adjetivos,1304,anziano
adjetivos,1305,umile
adjetivos,1306,celebre
adjetivos,1307,enorme
adjetivos,1308,adulto
adjetivos,1309,difficile
adjetivos,1310,impervio
adjetivos,1311,incredibile
adjetivos,1312,dubbioso
adjetivos,1313,infantile
adjetivos,1315,incancellabile
adjetivos,1318,ingiusto
adjetivos,1319,innocente
adjetivos,1320,instabile
adjetivos,1321,giovane
adjetivos,1322,corretto
adjetivos,1323,allegro
adjetivos,1327,abile
adjetivos,1329,attrice
adjetivos,1331,saggio
adjetivos,1334,bello
adjetivos,1335,lunga
adjetivos,1336,leggero
adjetivos,1337,lenta
adjetivos,1338,liscio
adjetivos,1339,libera
adjetivos,1340,pazzo
adjetivos,1341,brillante
adjetivos,1342,tetro
adjetivos,1343,breve
adjetivos,1345,accostato
adjetivos,1346,gèmito
adjetivos,1349,lascivo
adjetivos,1350,latente
adjetivos,1352,figa
adjetivos,1353,leggibile
adjetivos,1354,laico
adjetivos,1355,lazzaro
adjetivos,1357,liberale
adjetivos,1358,liturgico
adjetivos,1359,adulto
adjetivos,1360,male
adjetivos,1361,medio
adjetivos,1362,mignolo
adjetivos,1363,contemporaneo
adjetivos,1364,bagnata
adjetivos,1365,tiepida
adjetivos,1366,muto
adjetivos,1367,fattucchiera
adjetivos,1368,considerevole
adjetivos,1369,male
adjetivos,1372,meraviglioso
adjetivos,1373,marino
adjetivos,1374,maschile
adjetivos,1375,materiale
adjetivos,1376,materno
adjetivos,1377,massimale
adjetivos,1378,meccanico
adjetivos,1379,intermedio
adjetivos,1380,malinconico
adjetivos,1381,armonioso
adjetivos,1382,mentale
adjetivos,1385,insegnante
adjetivos,1386,metafisico
adjetivos,1387,metodico
adjetivos,1388,microscopico
adjetivos,1389,nuova
adjetivos,1390,naturale
adjetivos,1391,necessario
adjetivos,1392,nero
adjetivos,1393,nervoso
adjetivos,1394,nobile
adjetivos,1395,bizzaro
adjetivos,1396,annuvolato
adjetivos,1398,numerico
adjetivos,1399,nutrizionale
adjetivos,1400,marino
adjetivos,1401,afflitto
adjetivos,1402,umile
adjetivos,1403,scioperato
adjetivos,1404,odioso
adjetivos,1405,funzionario
adjetivos,1406,ottavo
adjetivos,1408,sinistro
adjetivos,1411,coprente
adjetivos,1413,di fronte
adjetivos,1414,ottico
adjetivos,1415,buccale
adjetivos,1416,ordinaria
adjetivos,1417,originale
adjetivos,1418,riccamente ornato
adjetivos,1419,instabile
adjetivos,1421,audace
adjetivos,1422,ovale
adjetivos,1423,rugginoso
adjetivos,1424,ubbidiente
adjetivos,1425,oggetto
adjetivos,1426,obbligatorio
adjetivos,1427,frivolo
adjetivos,1428,ostinato
adjetivos,1429,nascosto
adjetivos,1430,piccolo
adjetivos,1431,perfetto
adjetivos,1432,miserabile
adjetivos,1433,forte
adjetivos,1434,cortese
adjetivos,1435,nera
adjetivos,1436,vicina
adjetivos,1437,pubblico
adjetivos,1438,paziente
adjetivos,1439,reso
adjetivos,1440,palpabile
adjetivos,1441,fermo
adjetivos,1442,paralisi leggera od incompleta
adjetivos,1443,passato
adjetivos,1445,patetico
adjetivos,1446,proprio
adjetivos,1447,pedante
adjetivos,1448,attività
adjetivos,1449,acuto
adjetivos,1450,perso
adjetivos,1451,pericolosa
adjetivos,1452,permanente
adjetivos,1453,acuto
adjetivos,1454,pessimistica
adjetivos,1457,placido
adjetivos,1458,completo
adjetivos,1459,plurale
adjetivos,1460,poetica
adjetivos,1461,politico
adjetivos,1462,popolare
adjetivos,1463,positiva
adjetivos,1464,forte
adjetivos,1465,utile
adjetivos,1466,raro
adjetivos,1467,necessario
adjetivos,1468,predominante
adjetivos,1469,favorito
adjetivos,1470,pronta
adjetivos,1471,calda
adjetivos,1473,chimico
adjetivos,1474,donchisciottesco
adjetivos,1475,rapido
adjetivos,1476,male
adjetivos,1477,ricca
adjetivos,1478,romantico
adjetivos,1479,raro
adjetivos,1480,reale
adjetivos,1481,recente
adjetivos,1482,recluso
adjetivos,1483,tondo
adjetivos,1484,acre
adjetivos,1485,regolato
adjetivos,1486,relativo
adjetivos,1487,remoto
adjetivos,1489,improvvisa
adjetivos,1490,resistente
adjetivos,1491,cerimonioso
adjetivos,1492,diritto
adjetivos,1493,rivoluzionario
adjetivos,1494,severo
adjetivos,1495,sorridente
adjetivos,1497,rude
adjetivos,1498,radioattivo
adjetivos,1499,ramificato
adjetivos,1500,saggio
adjetivos,1501,fisso
adjetivos,1502,semplice
adjetivos,1503,singolare
adjetivos,1504,serio
adjetivos,1505,silenziosa
adjetivos,1506,sincero
adjetivos,1507,solo
adjetivos,1508,sorridente
adjetivos,1509,sottile
adjetivos,1510,breve
adjetivos,1511,abbastanza
adjetivos,1512,basso
adjetivos,1513,suprema
adjetivos,1514,sorprendente
adjetivos,1515,sospensione
adjetivos,1516,che può essere mantenuto
adjetivos,1517,sadico
adjetivos,1518,salato
adjetivos,1520,igienico-sanitario
adjetivos,1521,satirico
adjetivos,1522,sana
adjetivos,1523,asciutta
adjetivos,1524,seguente
adjetivos,1525,di prima scelta
adjetivos,1526,simile
adjetivos,1527,sensibile
adjetivos,1528,separata
adjetivos,1529,calmo
adjetivos,1530,ossequiosa
adjetivos,1531,significativo
adjetivos,1533,timido
adjetivos,1534,tutta
adjetivos,1535,afflitto
adjetivos,1536,calmo
adjetivos,1537,trasparente
adjetivos,1538,triplo
adjetivos,1540,classico
adjetivos,1541,tattile
adjetivos,1542,tecnico
adjetivos,1545,tenaglie
adjetivos,1546,teso
adjetivos,1547,terrestre
adjetivos,1549,teorico
adjetivos,1551,titanico
adjetivos,1552,solo
adjetivos,1553,urbano
adjetivos,1554,utile
adjetivos,1555,uniforme
adjetivos,1556,universale
adjetivos,1557,urgente
adjetivos,1558,usato
adjetivos,1559,utopico
adjetivos,1560,obsoleto
adjetivos,1561,ultravioletto
adjetivos,1562,soglia
adjetivos,1563,a una voce
adjetivos,1564,unito
adjetivos,1565,antico
adjetivos,1566,verde
adjetivos,1567,rosso
adjetivos,1568,caldo
adjetivos,1569,bravo
adjetivos,1570,multiplo
adjetivos,1571,vacuo
adjetivos,1572,rapido
adjetivos,1573,vero
adjetivos,1574,versatile
adjetivos,1575,veterano
adjetivos,1576,operoso
adjetivos,1577,vile
adjetivos,1578,attivo
adjetivos,1579,virtuale
adjetivos,1580,visibile
adjetivos,1581,vitale
adjetivos,1582,xenofobo
adjetivos,1584,beffardo
adverbios,1585,sopra
adverbios,1586,sotto
adverbios,1587,avanti
adverbios,1588,davanti
adverbios,1589,adesso
adverbios,1590,ivi
adverbios,1591,domani
adverbios,1592,dietro
adverbios,1593,qua
adverbios,1594,laggiú
adverbios,1595,attraverso
adverbios,1596,non sfruttato
adverbios,1597,avanti
adverbios,1598,casualmente
adverbios,1599,benvenuto
adverbios,1600,corto
adverbios,1601,abbastanza
adverbios,1604,presto
adverbios,1605,attorno
adverbios,1606,completamente
adverbios,1607,continuamente
adverbios,1608,correttamente
adverbios,1609,accuratamente
adverbios,1611,così
adverbios,1612,ardimentosamente
adverbios,1613,cronicamente
adverbios,1614,balordamente
adverbios,1615,dopo
adverbios,1616,dentro
adverbios,1617,lentamente
adverbios,1618,direttamente
adverbios,1621,difficilmente
adverbios,1624,efficacemente
adverbios,1625,giù
adverbios,1626,di sopra
adverbios,1627,alla fine
adverbios,1629,erratamente
adverbios,1631,specificamente
adverbios,1632,balordamente
adverbios,1633,sempre
adverbios,1634,alla fine
adverbios,1635,agevolmente
adverbios,1636,frequentemente
adverbios,1637,alla fine
adverbios,1638,freddamente
adverbios,1639,in genere
adverbios,1640,leggiadramente
adverbios,1641,molto
adverbios,1642,faccina terrorizzata
adverbios,1645,oggi
adverbios,1646,fra poco
adverbios,1647,per sfortuna
adverbios,1648,da prima
adverbios,1649,intensamente
adverbios,1651,vicino
adverbios,1653,giustamente
adverbios,1655,lato
adverbios,1656,lentamente
adverbios,1657,lontano
adverbios,1659,alquanto
adverbios,1660,localmente
adverbios,1661,legalmente
adverbios,1663,più
adverbios,1664,meno
adverbios,1665,molto
adverbios,1666,paggio
adverbios,1667,meglio di
adverbios,1670,enigmaticamente
adverbios,1671,per un momento
adverbios,1673,giammai
adverbios,1674,certo
adverbios,1675,fatalmente
adverbios,1677,ieri
adverbios,1678,evidentemente
adverbios,1679,occasionalmente
adverbios,1680,formalmente
adverbios,1681,abitualmente
adverbios,1683,audacemente
adverbios,1685,poco
adverbios,1686,vicina
adverbios,1687,peli
adverbios,1688,forse
adverbios,1689,completamente
adverbios,1692,pubblicamente
adverbios,1693,pazientemente
adverbios,1694,in parte
adverbios,1695,definitivamente
adverbios,1696,positivamente
adverbios,1697,quasi
adverbios,1698,recentemente
adverbios,1699,regolarmente
adverbios,1700,relativamente
adverbios,1701,all’improvviso
adverbios,1702,ossequiosamente
adverbios,1704,abitudinario
adverbios,1705,sempre
adverbios,1706,solo
adverbios,1708,calmo
adverbios,1709,appena
adverbios,1710,davvero
adverbios,1711,presto
adverbios,1712,sorprendentemente
adverbios,1713,tarde
adverbios,1715,tanto
adverbios,1716,completamente
adverbios,1717,tranquillamente
adverbios,1718,tristemente
adverbios,1719,recentemente
adverbios,1720,esclusivamente
adverbios,1721,disperatamente
adverbios,1722,utilmente
adverbios,1723,davvero
adverbios,1725,piuttosto
adverbios,1726,rapidamente
adverbios,1728,zelantemente
verbos_infinitivos,1729,cullare
verbos_infinitivos,1730,accendere
verbos_infinitivos,1731,sbalordire
verbos_infinitivos,1733,agitare
verbos_infinitivos,1735,ammorbidire
verbos_infinitivos,1736,annullare
verbos_infinitivos,1737,migliorare
verbos_infinitivos,1738,disporre
verbos_infinitivos,1739,abbonarsi
verbos_infinitivos,1740,aspettare
verbos_infinitivos,1741,aumentare
verbos_infinitivos,1742,apprezzare
verbos_infinitivos,1744,accendere
verbos_infinitivos,1745,obbedire
verbos_infinitivos,1746,adottare
verbos_infinitivos,1747,affondare
verbos_infinitivos,1748,predire
verbos_infinitivos,1749,ammorbidire
verbos_infinitivos,1750,appoggiare
verbos_infinitivos,1751,ancorare
verbos_infinitivos,1753,bramare
verbos_infinitivos,1754,bere
verbos_infinitivos,1755,brillare
verbos_infinitivos,1756,battere
verbos_infinitivos,1757,cercare
verbos_infinitivos,1758,ballare
verbos_infinitivos,1759,bandire
verbos_infinitivos,1760,benedire
verbos_infinitivos,1762,cantare
verbos_infinitivos,1763,fottere
verbos_infinitivos,1764,correre
verbos_infinitivos,1765,andare
verbos_infinitivos,1766,curare
verbos_infinitivos,1767,calcolare
verbos_infinitivos,1768,arrestare
verbos_infinitivos,1769,celebrare
verbos_infinitivos,1771,nomare
verbos_infinitivos,1773,vestire
verbos_infinitivos,1774,coesistere
verbos_infinitivos,1775,cucchiaio
verbos_infinitivos,1776,disporre
verbos_infinitivos,1777,conoscere
verbos_infinitivos,1778,edificare
verbos_infinitivos,1779,contare
verbos_infinitivos,1780,cuore
verbos_infinitivos,1781,aumentare
verbos_infinitivos,1782,ibridare
verbos_infinitivos,1783,ballare
verbos_infinitivos,1784,scamparla
verbos_infinitivos,1785,contare
verbos_infinitivos,1786,dormire
verbos_infinitivos,1787,dare
verbos_infinitivos,1788,decidere
verbos_infinitivos,1789,difendere
verbos_infinitivos,1790,desiderare
verbos_infinitivos,1791,disintegrare
verbos_infinitivos,1792,restituire
verbos_infinitivos,1793,dividere
verbos_infinitivos,1794,donare
verbos_infinitivos,1795,essicare
verbos_infinitivos,1796,continuare
verbos_infinitivos,1797,dubitare
verbos_infinitivos,1798,insegnare
verbos_infinitivos,1799,scrivere
verbos_infinitivos,1800,studiare
verbos_infinitivos,1801,essere
verbos_infinitivos,1802,entrare
verbos_infinitivos,1803,eleggere
verbos_infinitivos,1804,sperare
verbos_infinitivos,1805,spiegare
verbos_infinitivos,1806,incantare
verbos_infinitivos,1807,avvolgere
verbos_infinitivos,1808,armare
verbos_infinitivos,1810,scalare
verbos_infinitivos,1811,disperdere
verbos_infinitivos,1812,ingrandire
verbos_infinitivos,1813,adornare
verbos_infinitivos,1814,eliminare
verbos_infinitivos,1815,estrarre
verbos_infinitivos,1816,esaltare
verbos_infinitivos,1817,creare
verbos_infinitivos,1818,restare
verbos_infinitivos,1819,parlare
verbos_infinitivos,1820,chiudere
verbos_infinitivos,1821,fuggire
verbos_infinitivos,1822,sciogliere
verbos_infinitivos,1823,spendere
verbos_infinitivos,1824,guadagnare
verbos_infinitivos,1825,ruotare
verbos_infinitivos,1826,immagazzinare
verbos_infinitivos,1827,generare
verbos_infinitivos,1828,gridare
verbos_infinitivos,1829,condurre
verbos_infinitivos,1830,affermare
verbos_infinitivos,1832,masterizzare
verbos_infinitivos,1833,abitare
verbos_infinitivos,1834,rispettare
verbos_infinitivos,1835,andare
verbos_infinitivos,1836,invadere
verbos_infinitivos,1837,animare
verbos_infinitivos,1838,interagire
verbos_infinitivos,1839,instaurare
verbos_infinitivos,1840,invertire
verbos_infinitivos,1841,disconoscere
verbos_infinitivos,1842,costringere
verbos_infinitivos,1843,giocare
verbos_infinitivos,1844,decidere
verbos_infinitivos,1845,radunare
verbos_infinitivos,1846,giurare
verbos_infinitivos,1847,giustificare
verbos_infinitivos,1848,avvertire
verbos_infinitivos,1849,leggere
verbos_infinitivos,1850,alzare
verbos_infinitivos,1851,collegare
verbos_infinitivos,1852,pulire
verbos_infinitivos,1853,azzuffarsi
verbos_infinitivos,1854,vomitare
verbos_infinitivos,1855,lavare
verbos_infinitivos,1856,capeggiare
verbos_infinitivos,1857,individuare
verbos_infinitivos,1858,applaudire
verbos_infinitivos,1859,profittare
verbos_infinitivos,1860,ammazzare
verbos_infinitivos,1861,abitare
verbos_infinitivos,1862,cambiare
verbos_infinitivos,1863,mostrare
verbos_infinitivos,1864,spedire
verbos_infinitivos,1865,definire
verbos_infinitivos,1866,misurare
verbos_infinitivos,1867,immergere
verbos_infinitivos,1868,mescolare
verbos_infinitivos,1869,minimizzare
verbos_infinitivos,1870,creare
verbos_infinitivos,1871,muoversi
verbos_infinitivos,1872,moltiplicare
verbos_infinitivos,1873,dimostrare
verbos_infinitivos,1874,migliorare
verbos_infinitivos,1875,rinviare
verbos_infinitivos,1876,nuotare
verbos_infinitivos,1877,sorgere
verbos_infinitivos,1878,negare
verbos_infinitivos,1879,nomare
verbos_infinitivos,1880,notare
verbos_infinitivos,1881,alimentare
verbos_infinitivos,1882,ubbidire
verbos_infinitivos,1883,offrire
verbos_infinitivos,1884,guardare
verbos_infinitivos,1885,abitare
verbos_infinitivos,1886,agire
verbos_infinitivos,1887,ordinare
verbos_infinitivos,1888,orientarsi
verbos_infinitivos,1889,opprimere
verbos_infinitivos,1890,pregare
verbos_infinitivos,1891,millantare
verbos_infinitivos,1892,sentire
verbos_infinitivos,1893,odiare
verbos_infinitivos,1894,ottenere
verbos_infinitivos,1895,acclamare
verbos_infinitivos,1896,dipingere
verbos_infinitivos,1897,chiedere
verbos_infinitivos,1898,pensare
verbos_infinitivos,1899,dare
verbos_infinitivos,1900,abbrancare
verbos_infinitivos,1901,perdere
verbos_infinitivos,1902,lasciare
verbos_infinitivos,1903,gettare
verbos_infinitivos,1904,piantare
verbos_infinitivos,1905,studiare
verbos_infinitivos,1906,preservare
verbos_infinitivos,1907,provare
verbos_infinitivos,1908,annunciare
verbos_infinitivos,1909,castigare
verbos_infinitivos,1910,saltare
verbos_infinitivos,1911,rompere
verbos_infinitivos,1912,derapare
verbos_infinitivos,1913,perseguire
verbos_infinitivos,1914,sbattere le palpebre
verbos_infinitivos,1915,volere
verbos_infinitivos,1916,chiedere
verbos_infinitivos,1917,ridere
verbos_infinitivos,1918,arrotolare
verbos_infinitivos,1919,sottrarre
verbos_infinitivos,1920,respirare
verbos_infinitivos,1921,ricevere
verbos_infinitivos,1922,rifiutare
verbos_infinitivos,1923,abbassare
verbos_infinitivos,1924,considerare
verbos_infinitivos,1925,respingere
verbos_infinitivos,1926,togliere
verbos_infinitivos,1927,ripetere
verbos_infinitivos,1928,risolvere
verbos_infinitivos,1929,ritirare
verbos_infinitivos,1930,sapere
verbos_infinitivos,1931,rammaricarsi
verbos_infinitivos,1932,essere
verbos_infinitivos,1933,soffrire
verbos_infinitivos,1934,sommare
verbos_infinitivos,1935,arrampicare
verbos_infinitivos,1936,affermare
verbos_infinitivos,1937,aiutare
verbos_infinitivos,1938,bastare
verbos_infinitivos,1939,seguire
verbos_infinitivos,1940,scegliere
verbos_infinitivos,1941,servire
verbos_infinitivos,1942,semplificare
verbos_infinitivos,1943,sorridere
verbos_infinitivos,1944,sopportare
verbos_infinitivos,1945,sorprendere
verbos_infinitivos,1946,alzare
verbos_infinitivos,1947,avere
verbos_infinitivos,1948,lavorare
verbos_infinitivos,1949,portare
verbos_infinitivos,1950,cercare
verbos_infinitivos,1951,toccare
verbos_infinitivos,1952,prendere
verbos_infinitivos,1953,trasportare
verbos_infinitivos,1954,curare
verbos_infinitivos,1955,tremare
verbos_infinitivos,1956,barattare
verbos_infinitivos,1958,usare
verbos_infinitivos,1959,unire
verbos_infinitivos,1960,superare
verbos_infinitivos,1961,usare
verbos_infinitivos,1962,rendere umido
verbos_infinitivos,1963,tessere
verbos_infinitivos,1964,vedere
verbos_infinitivos,1965,promuovere
verbos_infinitivos,1966,viaggiare
verbos_infinitivos,1967,vivere
verbos_infinitivos,1968,volare
verbos_infinitivos,1969,valere
verbos_infinitivos,1970,cambiare
verbos_infinitivos,1971,vincere
verbos_infinitivos,1972,bestemmiare
verbos_infinitivos,1973,curare
verbos_infinitivos,1974,far le fusa
